supplier_type,supplier_property_seq,name,address,is_correct,similarity_score,ml_score
DOTW,54555604,Hotel Metropolitan Asakusa,"Kobe Prefecture, Kobe, 7-8-23 Minato",False,0.0084,0.1404
EPS,11808591,Inn Royal Harajuku,"Sapporo Prefecture, Sapporo, 7-10-23 Shibuya",False,0.2074,0.2124
AGODA,23155919,Ryokan Central Shinjuku,"Sapporo Prefecture, Sapporo, 7-5-22 Minato",False,0.2243,0.1071
EPS,51818778,Inn Palace Roppongi,"Kyoto Prefecture, Kyoto, 1-2-1 Shibuya",False,0.0109,0.3816
EPS,87369212,Grand Hotel Plaza Akasaka,"Yokohama Prefecture, Yokohama, 7-8-29 Chuo",False,0.0497,0.368
DOTW,39496108,Hotel Forza Osaka Namba Dotonbori,"Osaka Prefecture, Osaka, 3f 1-4-22 Dotonbori",True,0.9655,0.9849
HB,53458658,Resort Garden Shibuya,"Kyoto Prefecture, Kyoto, 1-18-25 Shibuya",False,0.2039,0.0054
EPS,47148421,Osaka Namba Dotonbori Hotel Forza,"Osaka, 3f 1-4-22 Dotonbori",False,0.3843,0.8781
EPS,40785647,Inn Bay Asakusa,"Hiroshima Prefecture, Hiroshima, 1-5-14 Shinjuku",False,0.2124,0.309
EPS,39507414,Ryokan Metropolitan Asakusa,"Tokyo Prefecture, Tokyo, 10-9-24 Minato",False,0.0454,0.0702
EPS,38839638,Hotel Forza Osaka Dotonbori,"Osaka Prefecture, Osaka, 1-4-22 Dotonbori",False,0.3048,0.8466
HB,42367742,Hotel Garden Harajuku,"Yokohama Prefecture, Yokohama, 7-9-8 Shibuya",False,0.2546,0.0755
EPS,19033699,Namba Dotonbori Hotel Forza,"Osaka Prefecture, Osaka, 3-1-4-22 Dotonbori",False,0.4557,0.8246
DOTW,34312564,Lodge Central Ginza,"Fukuoka Prefecture, Fukuoka, 9-10-22 Minato",False,0.2531,0.114
DOTW,84601539,Ryokan Imperial Harajuku,"Sapporo Prefecture, Sapporo, 8-8-1 Shibuya",False,0.0828,0.0995
DOTW,28206462,Hotel Garden Shinjuku,"Nagoya Prefecture, Nagoya, 10-13-4 Shibuya",False,0.1395,0.2941
DOTW,58425306,Lodge Sakura Shinjuku,"Hiroshima Prefecture, Hiroshima, 8-11-22 Shinjuku",False,0.1522,0.3426
DOTW,94224401,Resort Metropolitan Akasaka,"Sapporo Prefecture, Sapporo, 2-10-4 Minato",False,0.0553,0.232
AGODA,51691277,Ryokan Palace Asakusa,"Kobe Prefecture, Kobe, 3-8-6 Shinjuku",False,0.1462,0.0154
EPS,53263821,Inn Bay Akasaka,"Yokohama Prefecture, Yokohama, 9-17-21 Shibuya",False,0.0392,0.283
AGODA,81638747,Resort Tower Harajuku,"Kobe Prefecture, Kobe, 8-10-23 Shibuya",False,0.2734,0.3555
EPS,24059832,Forza Osaka Namba Hotel,"Osaka Prefecture, Namba, 3f 1-4-22 Dotonbori",False,0.5918,0.6483
AGODA,35766619,Ryokan Plaza Roppongi,"Nagoya Prefecture, Nagoya, 10-18-19 Shinjuku",False,0.1336,0.2487
EPS,28504090,Hostel Central Harajuku,"Fukuoka Prefecture, Fukuoka, 6-18-17 Shibuya",False,0.1113,0.2211
AGODA,32172021,Resort Plaza Ginza,"Sendai Prefecture, Sendai, 4-6-15 Shibuya",False,0.1653,0.0372
AGODA,14028015,Resort Palace Shibuya,"Fukuoka Prefecture, Fukuoka, 4-15-10 Shinjuku",False,0.0041,0.0112
EPS,25508424,Hotel Imperial Asakusa,"Fukuoka Prefecture, Fukuoka, 5-10-1 Minato",False,0.1105,0.1482
EPS,97072885,Hostel Central Akasaka,"Tokyo Prefecture, Tokyo, 1-20-1 Shibuya",False,0.1666,0.1452
DOTW,37342344,Ryokan Tower Tokyo,"Kobe Prefecture, Kobe, 3-3-14 Shinjuku",False,0.1147,0.3886
AGODA,99528426,Resort Bay Roppongi,"Yokohama Prefecture, Yokohama, 1-18-26 Shinjuku",False,0.0987,0.2476
HB,12080717,Ryokan Palace Shibuya,"Kyoto Prefecture, Kyoto, 1-3-21 Minato",False,0.1217,0.0419
HB,63265698,Hostel Metropolitan Harajuku,"Sapporo Prefecture, Sapporo, 6-4-27 Shinjuku",False,0.2246,0.2997
AGODA,53649540,Lodge Plaza Harajuku,"Sendai Prefecture, Sendai, 5-17-18 Chuo",False,0.1891,0.222
HB,80237668,Hotel Tower Shibuya,"Fukuoka Prefecture, Fukuoka, 4-13-25 Chuo",False,0.0288,0.089
DOTW,66615319,Forza Osaka Namba Hotel,"Osaka, Namba, 1-4-22 Dotonbori",False,0.5696,0.2879
DOTW,32354176,Hotel Forza Osaka Dotonbori,"Osaka Prefecture, Osaka, 1-4 Dotonbori",False,0.3401,0.7209
DOTW,88630544,Forza Osaka Namba Hotel,"Osaka Prefecture, Osaka, 1-4-22 Dotonbori",False,0.405,0.8737
HB,79158710,Grand Hotel Palace Shibuya,"Sendai Prefecture, Sendai, 1-7-27 Shibuya",False,0.1375,0.0422
DOTW,76051614,Hostel Imperial Akasaka,"Sendai Prefecture, Sendai, 4-1-29 Shibuya",False,0.0424,0.1142
EPS,93729607,Forza Hotel Osaka Namba Dotonbori,"Osaka Prefecture, Osaka, 1-4-22 Dotonbori",False,0.896,0.5949
AGODA,17438458,Resort Sakura Ginza,"Sendai Prefecture, Sendai, 8-13-16 Shinjuku",False,0.2377,0.2581
EPS,51663876,Inn Plaza Akasaka,"Kyoto Prefecture, Kyoto, 10-6-11 Shinjuku",False,0.0356,0.3492
EPS,33318506,Hostel Sakura Tokyo,"Sapporo Prefecture, Sapporo, 6-5-15 Shibuya",False,0.0166,0.3155
DOTW,60088699,Resort Garden Harajuku,"Nagoya Prefecture, Nagoya, 10-16-1 Shinjuku",False,0.184,0.1713
DOTW,16835027,Ryokan Sakura Asakusa,"Sendai Prefecture, Sendai, 9-4-13 Shibuya",False,0.1829,0.0962
HB,29216024,Ryokan Imperial Akasaka,"Yokohama Prefecture, Yokohama, 5-11-3 Shinjuku",False,0.1742,0.0044
DOTW,41413546,Forza Osaka Namba Hotel,"Osaka, Namba, 1-4-22 Dotonbori",False,0.41,0.3792
AGODA,97788948,Ryokan Palace Shinjuku,"Fukuoka Prefecture, Fukuoka, 2-6-8 Shinjuku",False,0.1926,0.362
AGODA,96732242,Grand Hotel Central Tokyo,"Fukuoka Prefecture, Fukuoka, 2-6-13 Minato",False,0.0667,0.0213
DOTW,73136260,Grand Hotel Plaza Akasaka,"Nagoya Prefecture, Nagoya, 4-3-6 Shibuya",False,0.2177,0.1489
HB,74715621,Hostel Plaza Akasaka,"Fukuoka Prefecture, Fukuoka, 7-3-25 Minato",False,0.1257,0.3939
AGODA,61131086,Resort Metropolitan Roppongi,"Sapporo Prefecture, Sapporo, 5-12-17 Chuo",False,0.2616,0.3062
DOTW,61064995,Resort Metropolitan Shinjuku,"Tokyo Prefecture, Tokyo, 4-5-27 Minato",False,0.067,0.2624
HB,90034094,Hotel Garden Shibuya,"Kyoto Prefecture, Kyoto, 2-4-20 Minato",False,0.0322,0.0361
DOTW,14877056,Inn Bay Tokyo,"Yokohama Prefecture, Yokohama, 8-20-27 Shinjuku",False,0.1452,0.1446
AGODA,68439613,Resort Sakura Asakusa,"Sapporo Prefecture, Sapporo, 1-17-29 Shinjuku",False,0.2273,0.1418
HB,40858990,Hostel Metropolitan Roppongi,"Yokohama Prefecture, Yokohama, 10-8-25 Chuo",False,0.0214,0.3661
DOTW,19070953,Lodge Garden Harajuku,"Sendai Prefecture, Sendai, 4-14-27 Minato",False,0.0778,0.0626
EPS,98275095,Grand Hotel Sakura Roppongi,"Fukuoka Prefecture, Fukuoka, 10-18-28 Chuo",False,0.2745,0.1477
HB,66036154,Resort Garden Harajuku,"Kyoto Prefecture, Kyoto, 5-19-28 Shibuya",False,0.1836,0.3774
EPS,45856096,Lodge Plaza Harajuku,"Yokohama Prefecture, Yokohama, 10-6-2 Chuo",False,0.0413,0.0138
HB,57132946,Ryokan Plaza Harajuku,"Fukuoka Prefecture, Fukuoka, 4-5-16 Shibuya",False,0.2159,0.1226
EPS,49284400,Lodge Palace Tokyo,"Nagoya Prefecture, Nagoya, 4-15-18 Chuo",False,0.1672,0.2598
AGODA,28792769,Inn Sakura Shibuya,"Sapporo Prefecture, Sapporo, 5-1-24 Shinjuku",False,0.2866,0.2086
AGODA,72205233,Hostel Royal Shibuya,"Sapporo Prefecture, Sapporo, 8-2-24 Shinjuku",False,0.0351,0.1307
AGODA,84469571,Grand Hotel Palace Shibuya,"Kobe Prefecture, Kobe, 9-10-13 Chuo",False,0.1398,0.0037
AGODA,69055294,Lodge Tower Tokyo,"Sendai Prefecture, Sendai, 9-12-17 Chuo",False,0.1787,0.0144
HB,65464760,Resort Royal Ginza,"Sendai Prefecture, Sendai, 5-3-26 Shibuya",False,0.1972,0.0923
HB,12224778,Hostel Palace Tokyo,"Hiroshima Prefecture, Hiroshima, 5-11-23 Minato",False,0.1655,0.1781
EPS,59353225,Lodge Imperial Shibuya,"Yokohama Prefecture, Yokohama, 1-9-5 Chuo",False,0.1861,0.1078
HB,42330686,Lodge Central Akasaka,"Yokohama Prefecture, Yokohama, 9-2-9 Shinjuku",False,0.0305,0.1729
EPS,65351260,Resort Metropolitan Akasaka,"Sendai Prefecture, Sendai, 8-13-7 Shinjuku",False,0.1387,0.0429
EPS,31334834,Inn Imperial Ginza,"Tokyo Prefecture, Tokyo, 6-10-14 Shibuya",False,0.2506,0.0417
EPS,46310118,Hostel Sakura Ginza,"Yokohama Prefecture, Yokohama, 6-17-24 Minato",False,0.1287,0.3797
EPS,30034250,Grand Hotel Garden Roppongi,"Nagoya Prefecture, Nagoya, 9-9-4 Minato",False,0.0755,0.0479
HB,84443419,Hotel Garden Akasaka,"Nagoya Prefecture, Nagoya, 5-17-10 Minato",False,0.0483,0.2115
EPS,20875470,Lodge Palace Akasaka,"Hiroshima Prefecture, Hiroshima, 2-8-23 Shinjuku",False,0.0453,0.3961
HB,41999637,Hostel Palace Asakusa,"Sendai Prefecture, Sendai, 8-3-5 Shibuya",False,0.214,0.353
EPS,68583242,Inn Central Roppongi,"Sapporo Prefecture, Sapporo, 4-15-3 Chuo",False,0.2198,0.1747
DOTW,67636512,Forza Hotel Osaka Namba Dotonbori,"Osaka Prefecture, Namba, 3f 1-4-22 Dotonbori",False,0.9202,0.2257
EPS,61426718,Namba Dotonbori Hotel Forza,"Osaka Prefecture, Osaka, 3-1-4-22 Dotonbori",False,0.6892,0.368
AGODA,78337543,Hotel Royal Roppongi,"Fukuoka Prefecture, Fukuoka, 3-1-6 Chuo",False,0.0454,0.1717
HB,43159563,Ryokan Metropolitan Harajuku,"Kyoto Prefecture, Kyoto, 9-2-29 Shibuya",False,0.2857,0.1183
AGODA,87418699,Hostel Garden Roppongi,"Fukuoka Prefecture, Fukuoka, 10-19-25 Shinjuku",False,0.2413,0.2971
EPS,53124545,Ryokan Central Shinjuku,"Sendai Prefecture, Sendai, 6-12-1 Shinjuku",False,0.0831,0.3371
DOTW,49602340,Grand Hotel Palace Shibuya,"Hiroshima Prefecture, Hiroshima, 7-9-10 Shinjuku",False,0.1614,0.2217
DOTW,78471446,Ryokan Garden Tokyo,"Nagoya Prefecture, Nagoya, 4-20-22 Minato",False,0.0422,0.0456
DOTW,64728729,Lodge Palace Tokyo,"Fukuoka Prefecture, Fukuoka, 5-14-12 Chuo",False,0.2517,0.3507
AGODA,41364593,Ryokan Central Ginza,"Sendai Prefecture, Sendai, 1-13-10 Minato",False,0.1604,0.2015
HB,12095638,Lodge Bay Shibuya,"Kyoto Prefecture, Kyoto, 3-4-5 Minato",False,0.1265,0.288
DOTW,80250387,Hotel Osaka Namba Dotonbori,"Osaka Prefecture, Osaka, 3f 1-4-20 Dotonbori",False,0.7329,0.7067
HB,41752084,Hotel Osaka Namba Dotonbori,"Osaka Prefecture, Osaka, 1-4-22 Dotonbori",False,0.3559,0.6456
EPS,53356998,Forza Hotel Osaka Namba Dotonbori,"Osaka Prefecture, Osaka, 1-4 Dotonbori",False,0.3208,0.8809
DOTW,34038172,Lodge Sakura Tokyo,"Yokohama Prefecture, Yokohama, 4-13-25 Shinjuku",False,0.0347,0.3157
EPS,57212291,Hotel Metropolitan Tokyo,"Sendai Prefecture, Sendai, 8-13-5 Shibuya",False,0.1013,0.382
HB,45595165,Hotel Forza Osaka Namba,"Osaka Prefecture, Osaka, 1-4-22 Dotonbori",False,0.3087,0.8874
DOTW,29996596,Hotel Tower Shinjuku,"Tokyo Prefecture, Tokyo, 7-17-23 Chuo",False,0.1016,0.1563
EPS,72490077,Resort Central Shibuya,"Sendai Prefecture, Sendai, 9-11-15 Shibuya",False,0.0421,0.3903
DOTW,51992723,Hotel Osaka Namba Dotonbori,"Osaka Prefecture, Osaka, 1-4 Dotonbori",False,0.4277,0.5618
EPS,16173259,Hostel Sakura Asakusa,"Sapporo Prefecture, Sapporo, 4-12-16 Chuo",False,0.1073,0.1067
EPS,77921783,Inn Sakura Shibuya,"Kyoto Prefecture, Kyoto, 8-3-4 Shibuya",False,0.2187,0.3999
EPS,66600466,Ryokan Palace Akasaka,"Nagoya Prefecture, Nagoya, 1-4-27 Shibuya",False,0.2256,0.3163
DOTW,96826585,Grand Hotel Garden Shibuya,"Kyoto Prefecture, Kyoto, 10-4-6 Shibuya",False,0.1334,0.0131
HB,29487406,Lodge Metropolitan Shibuya,"Tokyo Prefecture, Tokyo, 9-15-9 Shibuya",False,0.2816,0.1305
HB,70109424,Ryokan Palace Roppongi,"Sendai Prefecture, Sendai, 8-10-23 Minato",False,0.0265,0.2288
AGODA,89917493,Lodge Royal Shinjuku,"Yokohama Prefecture, Yokohama, 7-19-18 Shinjuku",False,0.0117,0.1914
DOTW,86946049,Ryokan Garden Tokyo,"Kyoto Prefecture, Kyoto, 2-12-7 Chuo",False,0.0689,0.2792
EPS,85860973,Resort Palace Shibuya,"Kyoto Prefecture, Kyoto, 4-4-22 Chuo",False,0.1189,0.2377
AGODA,62746359,Grand Hotel Royal Asakusa,"Yokohama Prefecture, Yokohama, 2-18-1 Minato",False,0.2808,0.1327
EPS,33529102,Hotel Royal Harajuku,"Nagoya Prefecture, Nagoya, 7-13-11 Chuo",False,0.1495,0.2204
HB,14496640,Hostel Tower Shibuya,"Yokohama Prefecture, Yokohama, 6-6-29 Shibuya",False,0.0722,0.0197
HB,86374886,Ryokan Plaza Ginza,"Hiroshima Prefecture, Hiroshima, 8-6-17 Chuo",False,0.0125,0.3368
AGODA,44944623,Ryokan Plaza Ginza,"Fukuoka Prefecture, Fukuoka, 9-16-26 Minato",False,0.1102,0.1516
EPS,58005236,Hotel Forza Osaka Namba,"Osaka Prefecture, Osaka, 1-4 Dotonbori",False,0.8997,0.2027
EPS,24292142,Lodge Garden Ginza,"Kobe Prefecture, Kobe, 3-3-18 Chuo",False,0.2321,0.0039
AGODA,78125585,Lodge Palace Harajuku,"Kyoto Prefecture, Kyoto, 9-15-11 Shibuya",False,0.0252,0.3724
HB,66889681,Lodge Plaza Asakusa,"Fukuoka Prefecture, Fukuoka, 6-9-8 Shinjuku",False,0.2247,0.0763
HB,59566878,Hostel Palace Shibuya,"Tokyo Prefecture, Tokyo, 6-1-23 Shibuya",False,0.2706,0.2719
AGODA,10935956,Inn Royal Asakusa,"Sendai Prefecture, Sendai, 6-9-25 Chuo",False,0.0034,0.306
DOTW,27023739,Hotel Forza Osaka Namba,"Osaka Prefecture, Osaka, 1-4 Dotonbori",False,0.8309,0.2195
EPS,26485416,Hostel Palace Akasaka,"Sapporo Prefecture, Sapporo, 4-12-27 Minato",False,0.0939,0.0681
HB,85821083,Inn Garden Asakusa,"Tokyo Prefecture, Tokyo, 9-6-13 Chuo",False,0.2406,0.3233
AGODA,39215836,Hotel Plaza Shibuya,"Hiroshima Prefecture, Hiroshima, 3-5-23 Shinjuku",False,0.0988,0.1488
EPS,59794541,Osaka Namba Dotonbori Hotel Forza,"Osaka Prefecture, Osaka, 1-4-22 Dotonbori",False,0.3013,0.283
DOTW,15247318,Lodge Central Roppongi,"Sendai Prefecture, Sendai, 1-4-4 Shinjuku",False,0.2278,0.0171
AGODA,94039536,Resort Plaza Shinjuku,"Kobe Prefecture, Kobe, 7-18-8 Shinjuku",False,0.2498,0.3596
EPS,30304787,Grand Hotel Plaza Shinjuku,"Kyoto Prefecture, Kyoto, 5-1-27 Chuo",False,0.2368,0.0667
DOTW,22422591,Hostel Garden Shinjuku,"Tokyo Prefecture, Tokyo, 6-3-4 Minato",False,0.0613,0.0823
HB,65337875,Ryokan Central Akasaka,"Tokyo Prefecture, Tokyo, 2-9-24 Shibuya",False,0.3,0.3839
DOTW,67012958,Lodge Tower Ginza,"Sendai Prefecture, Sendai, 8-16-29 Shibuya",False,0.2998,0.3249
EPS,97688895,Hostel Metropolitan Shinjuku,"Kyoto Prefecture, Kyoto, 6-2-11 Shibuya",False,0.0311,0.2546
AGODA,45313623,Resort Sakura Asakusa,"Sendai Prefecture, Sendai, 3-11-7 Chuo",False,0.2661,0.2826
EPS,95574815,Resort Bay Tokyo,"Yokohama Prefecture, Yokohama, 1-12-25 Shibuya",False,0.0362,0.0574
AGODA,57057966,Hotel Sakura Harajuku,"Fukuoka Prefecture, Fukuoka, 5-18-25 Chuo",False,0.1202,0.1335
DOTW,41115805,Lodge Garden Akasaka,"Kyoto Prefecture, Kyoto, 5-2-15 Shibuya",False,0.0275,0.1872
DOTW,82989817,Inn Central Tokyo,"Fukuoka Prefecture, Fukuoka, 10-4-2 Shinjuku",False,0.0237,0.1203
DOTW,44830507,Forza Hotel Osaka Namba Dotonbori,"Osaka Prefecture, Namba, 3f 1-4-22 Dotonbori",False,0.5389,0.5359
DOTW,87687035,Lodge Sakura Akasaka,"Nagoya Prefecture, Nagoya, 5-16-18 Minato",False,0.0989,0.2487
EPS,66017815,Lodge Sakura Akasaka,"Kobe Prefecture, Kobe, 3-20-22 Minato",False,0.1903,0.3325
AGODA,44423706,Osaka Namba Dotonbori Hotel Forza,"Osaka Prefecture, Osaka, 3-1-4-22 Dotonbori",False,0.3118,0.416
DOTW,30082119,Lodge Tower Ginza,"Kyoto Prefecture, Kyoto, 6-15-27 Shinjuku",False,0.2457,0.1444
EPS,42417746,Lodge Tower Shinjuku,"Sendai Prefecture, Sendai, 9-8-4 Shibuya",False,0.0304,0.0641
HB,94003146,Hotel Metropolitan Shinjuku,"Kobe Prefecture, Kobe, 6-8-20 Chuo",False,0.0105,0.2738
EPS,28327436,Resort Imperial Asakusa,"Kobe Prefecture, Kobe, 1-7-5 Shinjuku",False,0.2197,0.2268
HB,83897593,Inn Imperial Asakusa,"Sendai Prefecture, Sendai, 10-5-20 Chuo",False,0.2187,0.3181
HB,27820529,Hotel Forza Osaka Namba,"Osaka Prefecture, Namba, 3f 1-4-22 Dotonbori",False,0.5377,0.2812
AGODA,39532190,Ryokan Plaza Akasaka,"Fukuoka Prefecture, Fukuoka, 9-10-23 Shinjuku",False,0.2871,0.0414
EPS,91258490,Hotel Central Shinjuku,"Hiroshima Prefecture, Hiroshima, 1-13-18 Shinjuku",False,0.2451,0.1187
EPS,63726557,Inn Sakura Tokyo,"Kyoto Prefecture, Kyoto, 9-17-2 Shibuya",False,0.168,0.1433
DOTW,56131111,Hotel Metropolitan Tokyo,"Nagoya Prefecture, Nagoya, 7-11-5 Chuo",False,0.1365,0.1272
DOTW,31308665,Resort Imperial Shibuya,"Nagoya Prefecture, Nagoya, 4-9-13 Shinjuku",False,0.2936,0.2126
AGODA,77933751,Inn Bay Shibuya,"Hiroshima Prefecture, Hiroshima, 5-5-12 Minato",False,0.1821,0.016
EPS,24212111,Grand Hotel Central Shinjuku,"Hiroshima Prefecture, Hiroshima, 1-14-3 Shibuya",False,0.1227,0.2536
HB,29873603,Hostel Central Ginza,"Kyoto Prefecture, Kyoto, 8-2-5 Minato",False,0.2079,0.244
DOTW,14407292,Hotel Forza Namba Dotonbori,"Osaka Prefecture, Osaka, 1-4 Dotonbori",False,0.7903,0.8008
HB,50971299,Hostel Plaza Shibuya,"Hiroshima Prefecture, Hiroshima, 7-13-1 Shibuya",False,0.2926,0.033
HB,44184888,Grand Hotel Garden Shibuya,"Tokyo Prefecture, Tokyo, 6-10-13 Chuo",False,0.2121,0.3626
EPS,61899966,Hotel Garden Tokyo,"Hiroshima Prefecture, Hiroshima, 3-2-16 Chuo",False,0.2215,0.0848
HB,68375268,Hotel Central Shibuya,"Fukuoka Prefecture, Fukuoka, 7-18-19 Minato",False,0.1882,0.2065
AGODA,55761888,Hotel Metropolitan Roppongi,"Tokyo Prefecture, Tokyo, 5-12-15 Minato",False,0.0457,0.265
DOTW,20969296,Lodge Central Harajuku,"Kobe Prefecture, Kobe, 4-3-5 Minato",False,0.2369,0.0875
AGODA,54552578,Hotel Bay Harajuku,"Kobe Prefecture, Kobe, 7-7-27 Shinjuku",False,0.1074,0.1851
HB,36759610,Lodge Palace Ginza,"Sapporo Prefecture, Sapporo, 4-16-2 Shinjuku",False,0.1993,0.1225
AGODA,82505920,Lodge Palace Asakusa,"Kobe Prefecture, Kobe, 5-3-22 Minato",False,0.0771,0.389
DOTW,47794769,Hotel Forza Namba Dotonbori,"Osaka Prefecture, Osaka, 3f 1-4-20 Dotonbori",False,0.545,0.7603
AGODA,79609419,Hotel Forza Namba Dotonbori,"Osaka Prefecture, Namba, 3f 1-4-22 Dotonbori",False,0.6072,0.8992
HB,41109326,Ryokan Garden Roppongi,"Sendai Prefecture, Sendai, 6-16-4 Minato",False,0.1679,0.0713
DOTW,92225351,Hostel Bay Harajuku,"Sapporo Prefecture, Sapporo, 9-17-27 Minato",False,0.0706,0.3594
HB,81069285,Inn Bay Roppongi,"Hiroshima Prefecture, Hiroshima, 7-18-14 Shibuya",False,0.1301,0.3977
AGODA,91250772,Forza Hotel Osaka Namba Dotonbori,"Osaka Prefecture, Osaka, 1-4-22 Dotonbori",False,0.5228,0.5467
EPS,50796765,Namba Dotonbori Hotel Forza,"Osaka Prefecture, Osaka, 3f 1-4-20 Dotonbori",False,0.9057,0.8687
EPS,19801620,Ryokan Central Ginza,"Hiroshima Prefecture, Hiroshima, 1-13-21 Chuo",False,0.2736,0.1359
DOTW,85011819,Resort Imperial Shibuya,"Tokyo Prefecture, Tokyo, 7-3-1 Shinjuku",False,0.0943,0.3353
AGODA,83693637,Inn Plaza Ginza,"Sapporo Prefecture, Sapporo, 3-19-21 Minato",False,0.2465,0.0515
EPS,12433650,Hotel Metropolitan Ginza,"Fukuoka Prefecture, Fukuoka, 3-3-26 Chuo",False,0.0141,0.1458
HB,76150541,Ryokan Garden Akasaka,"Fukuoka Prefecture, Fukuoka, 3-14-6 Minato",False,0.2038,0.1122
AGODA,35364512,Resort Metropolitan Ginza,"Sendai Prefecture, Sendai, 8-5-14 Minato",False,0.1348,0.2396
DOTW,28534800,Inn Sakura Asakusa,"Sapporo Prefecture, Sapporo, 10-7-4 Minato",False,0.1546,0.3441
HB,11728550,Resort Palace Shibuya,"Hiroshima Prefecture, Hiroshima, 7-12-27 Shinjuku",False,0.0944,0.292
DOTW,68173847,Hostel Bay Akasaka,"Sendai Prefecture, Sendai, 10-8-5 Minato",False,0.1841,0.3029
DOTW,29847701,Ryokan Royal Asakusa,"Sapporo Prefecture, Sapporo, 8-10-19 Chuo",False,0.1569,0.294
AGODA,42924296,Resort Garden Shinjuku,"Tokyo Prefecture, Tokyo, 1-12-16 Chuo",False,0.1096,0.1981
AGODA,12437643,Inn Palace Harajuku,"Fukuoka Prefecture, Fukuoka, 7-11-18 Shibuya",False,0.1534,0.1689
AGODA,41379173,Resort Palace Asakusa,"Yokohama Prefecture, Yokohama, 2-1-21 Chuo",False,0.274,0.1696
DOTW,96039457,Forza Hotel Osaka Namba Dotonbori,"Osaka, 3f 1-4-22 Dotonbori",False,0.4378,0.3111
HB,85049783,Grand Hotel Palace Shinjuku,"Sendai Prefecture, Sendai, 4-12-24 Shibuya",False,0.0094,0.0536
DOTW,28185171,Resort Palace Tokyo,"Sendai Prefecture, Sendai, 6-8-23 Minato",False,0.1856,0.0417
AGODA,37568283,Resort Central Tokyo,"Kyoto Prefecture, Kyoto, 9-11-4 Shibuya",False,0.0855,0.1836
EPS,18621479,Resort Plaza Asakusa,"Nagoya Prefecture, Nagoya, 4-7-13 Chuo",False,0.004,0.1251
EPS,21867853,Hotel Garden Roppongi,"Nagoya Prefecture, Nagoya, 10-7-9 Shibuya",False,0.178,0.2645
EPS,74921484,Inn Royal Tokyo,"Hiroshima Prefecture, Hiroshima, 3-16-5 Shinjuku",False,0.1233,0.1919
HB,15544907,Lodge Central Asakusa,"Kyoto Prefecture, Kyoto, 4-8-14 Shinjuku",False,0.0094,0.1943
AGODA,67868500,Hostel Plaza Tokyo,"Kobe Prefecture, Kobe, 4-2-27 Shibuya",False,0.0844,0.3865
HB,85636979,Lodge Garden Akasaka,"Nagoya Prefecture, Nagoya, 5-10-16 Minato",False,0.1624,0.0653
EPS,25348684,Hotel Forza Namba Dotonbori,"Osaka, 3f 1-4-22 Dotonbori",False,0.3533,0.3625
AGODA,79372910,Hotel Osaka Namba Dotonbori,"Osaka, 3f 1-4-22 Dotonbori",False,0.7306,0.7652
DOTW,63648742,Ryokan Bay Harajuku,"Sapporo Prefecture, Sapporo, 4-3-15 Chuo",False,0.2805,0.2747
AGODA,61294252,Hotel Osaka Namba Dotonbori,"Osaka Prefecture, Namba, 3f 1-4-22 Dotonbori",False,0.7724,0.8232
AGODA,61591295,Inn Palace Asakusa,"Hiroshima Prefecture, Hiroshima, 3-4-13 Shibuya",False,0.0647,0.273
EPS,96150215,Hostel Sakura Asakusa,"Sendai Prefecture, Sendai, 6-15-5 Shinjuku",False,0.0842,0.2823
EPS,80829849,Hotel Royal Akasaka,"Kobe Prefecture, Kobe, 8-18-2 Chuo",False,0.0156,0.3894
DOTW,55854912,Grand Hotel Central Asakusa,"Nagoya Prefecture, Nagoya, 6-3-13 Chuo",False,0.0285,0.2095
EPS,16471178,Hotel Garden Asakusa,"Yokohama Prefecture, Yokohama, 1-14-18 Shinjuku",False,0.0974,0.1229
EPS,35804634,Lodge Tower Tokyo,"Kobe Prefecture, Kobe, 4-15-8 Minato",False,0.1079,0.0602
AGODA,35992079,Ryokan Sakura Ginza,"Yokohama Prefecture, Yokohama, 6-14-29 Shinjuku",False,0.2377,0.0967
DOTW,96406894,Ryokan Metropolitan Ginza,"Nagoya Prefecture, Nagoya, 10-9-18 Shinjuku",False,0.0819,0.0328
EPS,23659188,Inn Bay Tokyo,"Yokohama Prefecture, Yokohama, 8-11-13 Shinjuku",False,0.0316,0.351
EPS,37111592,Grand Hotel Central Akasaka,"Sendai Prefecture, Sendai, 8-11-26 Shinjuku",False,0.2439,0.3992
HB,91672705,Resort Garden Shinjuku,"Tokyo Prefecture, Tokyo, 8-19-14 Shinjuku",False,0.2242,0.2893
HB,73044487,Hostel Tower Ginza,"Tokyo Prefecture, Tokyo, 3-7-25 Chuo",False,0.1147,0.3802
AGODA,81283173,Hostel Palace Shibuya,"Yokohama Prefecture, Yokohama, 5-17-30 Shinjuku",False,0.0426,0.3403
HB,73132380,Ryokan Imperial Akasaka,"Kobe Prefecture, Kobe, 8-13-18 Chuo",False,0.1945,0.0463
AGODA,73016130,Inn Tower Asakusa,"Kyoto Prefecture, Kyoto, 2-3-28 Shinjuku",False,0.1937,0.2536
EPS,84610108,Hostel Royal Roppongi,"Yokohama Prefecture, Yokohama, 10-19-11 Shinjuku",False,0.212,0.3526
EPS,52041989,Hotel Forza Namba Dotonbori,"Osaka Prefecture, Osaka, 3-1-4-22 Dotonbori",False,0.626,0.7024
HB,59073176,Lodge Royal Tokyo,"Sendai Prefecture, Sendai, 8-9-30 Minato",False,0.1721,0.3711
AGODA,34870917,Ryokan Palace Ginza,"Sapporo Prefecture, Sapporo, 3-10-19 Shibuya",False,0.1867,0.1301
DOTW,46933507,Resort Palace Roppongi,"Yokohama Prefecture, Yokohama, 2-6-1 Chuo",False,0.0075,0.2066
AGODA,88185056,Inn Central Asakusa,"Kyoto Prefecture, Kyoto, 6-1-21 Shibuya",False,0.2011,0.0553
HB,85775077,Grand Hotel Tower Shibuya,"Sendai Prefecture, Sendai, 3-9-20 Minato",False,0.1895,0.2414
EPS,98394690,Hotel Forza Osaka Namba,"Osaka Prefecture, Osaka, 1-4-22 Dotonbori",False,0.6478,0.6418
HB,25389943,Resort Bay Shibuya,"Kobe Prefecture, Kobe, 10-7-9 Chuo",False,0.195,0.2121
AGODA,18976911,Ryokan Central Akasaka,"Nagoya Prefecture, Nagoya, 2-1-3 Shibuya",False,0.0744,0.1026
EPS,59955853,Ryokan Tower Shibuya,"Kyoto Prefecture, Kyoto, 8-3-7 Shibuya",False,0.1163,0.1006
HB,84760085,Grand Hotel Sakura Shinjuku,"Fukuoka Prefecture, Fukuoka, 10-11-27 Shibuya",False,0.1712,0.3531
HB,79495715,Hostel Palace Shibuya,"Sapporo Prefecture, Sapporo, 5-11-26 Shinjuku",False,0.0741,0.0941
AGODA,48229420,Ryokan Palace Shinjuku,"Sapporo Prefecture, Sapporo, 7-14-27 Shinjuku",False,0.0354,0.2503
HB,40773338,Hostel Plaza Tokyo,"Tokyo Prefecture, Tokyo, 2-5-2 Shinjuku",False,0.248,0.0205
EPS,24411141,Inn Tower Shinjuku,"Sendai Prefecture, Sendai, 3-3-12 Shibuya",False,0.1755,0.217
EPS,49729277,Inn Imperial Shibuya,"Kobe Prefecture, Kobe, 8-12-2 Shibuya",False,0.0334,0.2362
HB,80925283,Ryokan Sakura Ginza,"Fukuoka Prefecture, Fukuoka, 4-6-21 Chuo",False,0.2717,0.2895
DOTW,42504661,Hotel Central Asakusa,"Sapporo Prefecture, Sapporo, 1-6-3 Chuo",False,0.0614,0.1477
DOTW,86834908,Hotel Osaka Namba Dotonbori,"Osaka Prefecture, Osaka, 1-4 Dotonbori",False,0.3992,0.2019
EPS,74167345,Resort Palace Ginza,"Kyoto Prefecture, Kyoto, 7-19-11 Shinjuku",False,0.2683,0.0027
HB,50981508,Resort Palace Harajuku,"Yokohama Prefecture, Yokohama, 9-11-22 Shibuya",False,0.1116,0.2076
DOTW,99565392,Hotel Osaka Namba Dotonbori,"Osaka Prefecture, Osaka, 1-4 Dotonbori",False,0.8827,0.2812
AGODA,27254182,Hotel Plaza Roppongi,"Sapporo Prefecture, Sapporo, 6-3-3 Shinjuku",False,0.206,0.0996
AGODA,85251824,Inn Central Roppongi,"Yokohama Prefecture, Yokohama, 6-20-10 Shinjuku",False,0.149,0.217
EPS,80340689,Forza Osaka Namba Hotel,"Osaka Prefecture, Osaka, 3f 1-4-20 Dotonbori",False,0.9407,0.4692
HB,34260751,Hotel Forza Namba Dotonbori,"Osaka Prefecture, Namba, 3f 1-4-22 Dotonbori",False,0.6757,0.8022
HB,88514836,Ryokan Tower Roppongi,"Fukuoka Prefecture, Fukuoka, 10-2-24 Shibuya",False,0.0799,0.0108
AGODA,44591654,Lodge Sakura Harajuku,"Kobe Prefecture, Kobe, 4-8-15 Shibuya",False,0.0742,0.0896
EPS,20344460,Lodge Central Akasaka,"Tokyo Prefecture, Tokyo, 10-15-16 Shibuya",False,0.1587,0.3385
AGODA,30699596,Grand Hotel Central Akasaka,"Yokohama Prefecture, Yokohama, 7-2-19 Minato",False,0.228,0.1411
AGODA,66187968,Inn Imperial Asakusa,"Tokyo Prefecture, Tokyo, 4-6-15 Shinjuku",False,0.0747,0.2592
AGODA,14410970,Lodge Bay Roppongi,"Yokohama Prefecture, Yokohama, 6-10-13 Shibuya",False,0.1796,0.2303
DOTW,21411366,Resort Imperial Shibuya,"Hiroshima Prefecture, Hiroshima, 8-12-17 Chuo",False,0.1238,0.0673
AGODA,48978975,Lodge Garden Roppongi,"Sapporo Prefecture, Sapporo, 7-8-6 Shinjuku",False,0.2351,0.3973
DOTW,24989329,Grand Hotel Plaza Akasaka,"Kyoto Prefecture, Kyoto, 5-7-5 Shibuya",False,0.2717,0.2119
EPS,72941737,Hostel Palace Shibuya,"Sapporo Prefecture, Sapporo, 3-11-24 Shinjuku",False,0.2672,0.2679
AGODA,98662791,Inn Bay Harajuku,"Yokohama Prefecture, Yokohama, 6-17-8 Shinjuku",False,0.2695,0.3931
HB,92564708,Hotel Sakura Asakusa,"Sapporo Prefecture, Sapporo, 4-1-30 Shibuya",False,0.2408,0.2011
HB,92410014,Namba Dotonbori Hotel Forza,"Osaka Prefecture, Osaka, 1-4-22 Dotonbori",False,0.4838,0.7029
HB,47513643,Inn Palace Asakusa,"Fukuoka Prefecture, Fukuoka, 6-8-10 Shinjuku",False,0.1541,0.2883
EPS,73085424,Ryokan Central Asakusa,"Kobe Prefecture, Kobe, 9-5-22 Shinjuku",False,0.088,0.2966
EPS,29805104,Hostel Plaza Harajuku,"Kobe Prefecture, Kobe, 10-10-28 Shinjuku",False,0.0104,0.2219
EPS,73221626,Forza Osaka Namba Hotel,"Osaka Prefecture, Osaka, 1-4-22 Dotonbori",False,0.8877,0.8834
EPS,81533295,Grand Hotel Plaza Roppongi,"Tokyo Prefecture, Tokyo, 6-15-19 Minato",False,0.0958,0.1706
EPS,94155169,Hotel Palace Akasaka,"Kobe Prefecture, Kobe, 10-14-1 Chuo",False,0.1672,0.016
EPS,15692502,Namba Dotonbori Hotel Forza,"Osaka, 3f 1-4-22 Dotonbori",False,0.3894,0.2535
AGODA,82309684,Resort Central Roppongi,"Hiroshima Prefecture, Hiroshima, 5-16-3 Minato",False,0.019,0.0921
HB,99683094,Ryokan Garden Shinjuku,"Yokohama Prefecture, Yokohama, 6-7-11 Shibuya",False,0.2281,0.2452
EPS,77759513,Hostel Metropolitan Shinjuku,"Nagoya Prefecture, Nagoya, 6-12-15 Shinjuku",False,0.0552,0.3286
HB,44533161,Grand Hotel Sakura Asakusa,"Sapporo Prefecture, Sapporo, 2-2-28 Shibuya",False,0.0398,0.2259
AGODA,87484508,Grand Hotel Royal Shinjuku,"Sapporo Prefecture, Sapporo, 6-9-25 Shinjuku",False,0.2575,0.299
DOTW,87204082,Ryokan Imperial Tokyo,"Tokyo Prefecture, Tokyo, 9-6-18 Shinjuku",False,0.1144,0.1581
HB,79107345,Namba Dotonbori Hotel Forza,"Osaka, Namba, 1-4-22 Dotonbori",False,0.9356,0.5694
HB,93246634,Hostel Plaza Roppongi,"Sendai Prefecture, Sendai, 2-20-9 Minato",False,0.1251,0.1921
DOTW,34204808,Resort Plaza Akasaka,"Tokyo Prefecture, Tokyo, 4-16-24 Minato",False,0.2688,0.0893
HB,22504235,Grand Hotel Bay Shinjuku,"Yokohama Prefecture, Yokohama, 10-14-1 Shibuya",False,0.0324,0.0491
EPS,69123510,Hotel Forza Osaka Namba,"Osaka, 3f 1-4-22 Dotonbori",False,0.4584,0.6874
EPS,81523086,Lodge Imperial Harajuku,"Nagoya Prefecture, Nagoya, 8-3-11 Shibuya",False,0.1161,0.1497
DOTW,35258550,Hotel Forza Osaka Namba,"Osaka Prefecture, Osaka, 3f 1-4-20 Dotonbori",False,0.4436,0.2548
AGODA,26809121,Lodge Bay Asakusa,"Sapporo Prefecture, Sapporo, 9-9-17 Shibuya",False,0.0894,0.1421
HB,63299515,Grand Hotel Metropolitan Harajuku,"Tokyo Prefecture, Tokyo, 9-13-15 Chuo",False,0.2869,0.0892
DOTW,70174652,Hotel Forza Namba Dotonbori,"Osaka Prefecture, Namba, 3f 1-4-22 Dotonbori",False,0.4812,0.6396
AGODA,13672254,Inn Sakura Asakusa,"Fukuoka Prefecture, Fukuoka, 3-2-28 Minato",False,0.1834,0.3956
DOTW,75318962,Grand Hotel Metropolitan Asakusa,"Hiroshima Prefecture, Hiroshima, 1-3-13 Shinjuku",False,0.0351,0.0162
EPS,37996277,Hotel Forza Osaka Namba Dotonbori,"Osaka Prefecture, Osaka, 3f 1-4-22 Dotonbori",True,0.9637,0.9819
AGODA,11108714,Resort Central Akasaka,"Tokyo Prefecture, Tokyo, 1-12-9 Minato",False,0.0479,0.3417
EPS,10917149,Hostel Imperial Akasaka,"Fukuoka Prefecture, Fukuoka, 3-2-2 Minato",False,0.2964,0.0577
AGODA,56604904,Resort Sakura Akasaka,"Sendai Prefecture, Sendai, 2-11-14 Chuo",False,0.2519,0.3223
DOTW,63378415,Grand Hotel Plaza Asakusa,"Sendai Prefecture, Sendai, 6-2-8 Chuo",False,0.0544,0.3286
EPS,42441409,Hostel Bay Asakusa,"Tokyo Prefecture, Tokyo, 4-1-10 Shinjuku",False,0.2929,0.2914
AGODA,41856347,Lodge Palace Shibuya,"Sendai Prefecture, Sendai, 5-14-30 Shibuya",False,0.2221,0.1741
EPS,53500450,Hotel Osaka Namba Dotonbori,"Osaka Prefecture, Osaka, 1-4-22 Dotonbori",False,0.3158,0.7507
HB,34867737,Resort Palace Asakusa,"Sapporo Prefecture, Sapporo, 9-9-9 Shibuya",False,0.1362,0.1601
AGODA,60129157,Grand Hotel Imperial Roppongi,"Sapporo Prefecture, Sapporo, 4-11-22 Shinjuku",False,0.004,0.2997
AGODA,63282277,Grand Hotel Plaza Tokyo,"Yokohama Prefecture, Yokohama, 2-12-12 Minato",False,0.0475,0.1626
DOTW,36574331,Inn Imperial Akasaka,"Kobe Prefecture, Kobe, 10-17-11 Shinjuku",False,0.1026,0.2259
HB,16683978,Grand Hotel Central Ginza,"Nagoya Prefecture, Nagoya, 8-11-14 Shinjuku",False,0.1662,0.1781
DOTW,49705141,Resort Tower Ginza,"Fukuoka Prefecture, Fukuoka, 1-7-24 Chuo",False,0.264,0.1849
DOTW,43613960,Hotel Forza Osaka Namba,"Osaka Prefecture, Namba, 3f 1-4-22 Dotonbori",False,0.8857,0.3131
EPS,84155792,Inn Palace Asakusa,"Kyoto Prefecture, Kyoto, 8-18-26 Shinjuku",False,0.1401,0.3181
HB,93948193,Hotel Palace Shibuya,"Fukuoka Prefecture, Fukuoka, 4-2-27 Minato",False,0.0158,0.008
EPS,11061900,Lodge Garden Tokyo,"Fukuoka Prefecture, Fukuoka, 7-13-7 Shinjuku",False,0.0427,0.1529
EPS,69482477,Hotel Forza Namba Dotonbori,"Osaka Prefecture, Osaka, 1-4 Dotonbori",False,0.4012,0.2743
DOTW,29721641,Hotel Imperial Asakusa,"Tokyo Prefecture, Tokyo, 6-6-17 Minato",False,0.2226,0.2044
AGODA,58085456,Ryokan Royal Harajuku,"Tokyo Prefecture, Tokyo, 10-16-26 Shinjuku",False,0.1957,0.1988
HB,94201154,Ryokan Tower Ginza,"Sendai Prefecture, Sendai, 9-1-20 Shinjuku",False,0.252,0.1763
HB,96824284,Namba Dotonbori Hotel Forza,"Osaka, Namba, 1-4-22 Dotonbori",False,0.7525,0.8899
HB,54108940,Hostel Garden Roppongi,"Hiroshima Prefecture, Hiroshima, 5-18-15 Shibuya",False,0.2239,0.3682
AGODA,68580864,Lodge Plaza Tokyo,"Hiroshima Prefecture, Hiroshima, 8-12-12 Minato",False,0.0371,0.1375
AGODA,30090096,Hostel Royal Shibuya,"Yokohama Prefecture, Yokohama, 10-3-3 Chuo",False,0.0147,0.2487
DOTW,30551490,Resort Royal Roppongi,"Hiroshima Prefecture, Hiroshima, 1-9-6 Minato",False,0.0297,0.1912
DOTW,12793113,Namba Dotonbori Hotel Forza,"Osaka, Namba, 1-4-22 Dotonbori",False,0.5966,0.8755
DOTW,39222565,Hotel Central Tokyo,"Sapporo Prefecture, Sapporo, 10-12-11 Chuo",False,0.0894,0.1165
DOTW,45356407,Forza Hotel Osaka Namba Dotonbori,"Osaka Prefecture, Osaka, 1-4-22 Dotonbori",False,0.5195,0.6897
DOTW,74966855,Grand Hotel Metropolitan Tokyo,"Fukuoka Prefecture, Fukuoka, 5-5-11 Minato",False,0.0308,0.3494
HB,65020918,Grand Hotel Tower Akasaka,"Fukuoka Prefecture, Fukuoka, 2-19-6 Shibuya",False,0.2713,0.2472
HB,40744588,Inn Plaza Asakusa,"Fukuoka Prefecture, Fukuoka, 5-11-1 Minato",False,0.0351,0.2402
EPS,46405123,Hostel Royal Roppongi,"Sendai Prefecture, Sendai, 6-9-2 Chuo",False,0.1655,0.3298
HB,74398524,Hostel Imperial Shibuya,"Kobe Prefecture, Kobe, 7-10-10 Shinjuku",False,0.1994,0.1322
DOTW,57773571,Inn Bay Shibuya,"Tokyo Prefecture, Tokyo, 1-2-24 Shinjuku",False,0.2731,0.3714
DOTW,69987522,Hostel Plaza Shinjuku,"Tokyo Prefecture, Tokyo, 5-6-23 Minato",False,0.2718,0.1111
AGODA,27608622,Hostel Tower Roppongi,"Nagoya Prefecture, Nagoya, 1-14-26 Chuo",False,0.2913,0.3751
HB,15506720,Hostel Tower Akasaka,"Kyoto Prefecture, Kyoto, 10-13-22 Shibuya",False,0.1394,0.0275
EPS,90404075,Hotel Central Roppongi,"Kyoto Prefecture, Kyoto, 1-11-28 Shibuya",False,0.007,0.267
EPS,51636915,Lodge Garden Roppongi,"Kobe Prefecture, Kobe, 7-3-1 Minato",False,0.1156,0.1561
EPS,60943659,Hotel Forza Osaka Dotonbori,"Osaka Prefecture, Osaka, 3-1-4-22 Dotonbori",False,0.4642,0.2133
AGODA,24065443,Resort Garden Tokyo,"Yokohama Prefecture, Yokohama, 9-12-21 Shibuya",False,0.1558,0.2907
DOTW,56096900,Inn Plaza Shibuya,"Tokyo Prefecture, Tokyo, 4-13-3 Minato",False,0.0439,0.2934
DOTW,91056202,Inn Metropolitan Shibuya,"Sapporo Prefecture, Sapporo, 7-20-26 Shinjuku",False,0.1094,0.0001
AGODA,80785290,Lodge Royal Shibuya,"Tokyo Prefecture, Tokyo, 2-15-9 Shibuya",False,0.0881,0.0608
EPS,10805947,Lodge Imperial Shinjuku,"Kobe Prefecture, Kobe, 3-19-25 Chuo",False,0.1761,0.3066
HB,43673262,Grand Hotel Royal Tokyo,"Yokohama Prefecture, Yokohama, 3-5-12 Chuo",False,0.0693,0.3496
HB,58266801,Inn Sakura Roppongi,"Nagoya Prefecture, Nagoya, 9-6-9 Shinjuku",False,0.2088,0.2981
HB,99884557,Grand Hotel Metropolitan Ginza,"Kyoto Prefecture, Kyoto, 10-3-7 Chuo",False,0.1981,0.2594
DOTW,97492707,Resort Metropolitan Ginza,"Kyoto Prefecture, Kyoto, 2-13-13 Chuo",False,0.1003,0.0426
DOTW,95474774,Hostel Imperial Tokyo,"Tokyo Prefecture, Tokyo, 4-5-21 Chuo",False,0.0689,0.2855
EPS,63780784,Hotel Metropolitan Tokyo,"Sapporo Prefecture, Sapporo, 9-3-5 Minato",False,0.1319,0.2
AGODA,28234111,Forza Hotel Osaka Namba Dotonbori,"Osaka Prefecture, Osaka, 1-4-22 Dotonbori",False,0.4684,0.2233
EPS,19902158,Forza Hotel Osaka Namba Dotonbori,"Osaka Prefecture, Osaka, 3f 1-4-20 Dotonbori",False,0.5013,0.5948
DOTW,79968181,Inn Plaza Akasaka,"Nagoya Prefecture, Nagoya, 9-19-5 Shinjuku",False,0.178,0.3528
AGODA,83802587,Inn Metropolitan Harajuku,"Kobe Prefecture, Kobe, 9-2-9 Chuo",False,0.1302,0.2321
AGODA,44724417,Hostel Imperial Ginza,"Nagoya Prefecture, Nagoya, 3-6-26 Shibuya",False,0.124,0.3584
AGODA,72561076,Ryokan Central Akasaka,"Fukuoka Prefecture, Fukuoka, 3-2-21 Shibuya",False,0.0042,0.0169
HB,87718908,Hostel Royal Ginza,"Tokyo Prefecture, Tokyo, 3-15-2 Minato",False,0.1619,0.318
EPS,22690965,Inn Plaza Asakusa,"Tokyo Prefecture, Tokyo, 3-10-30 Shinjuku",False,0.2439,0.1068
EPS,91038264,Hostel Royal Asakusa,"Kobe Prefecture, Kobe, 2-8-2 Shinjuku",False,0.1049,0.2235
HB,71273091,Namba Dotonbori Hotel Forza,"Osaka Prefecture, Osaka, 3f 1-4-20 Dotonbori",False,0.4377,0.6247
AGODA,26041579,Hotel Forza Namba Dotonbori,"Osaka Prefecture, Osaka, 1-4 Dotonbori",False,0.5243,0.3166
EPS,91943125,Hotel Bay Harajuku,"Hiroshima Prefecture, Hiroshima, 2-5-27 Shibuya",False,0.2012,0.1797
DOTW,45988266,Hotel Osaka Namba Dotonbori,"Osaka, Namba, 1-4-22 Dotonbori",False,0.3982,0.3928
DOTW,24956584,Namba Dotonbori Hotel Forza,"Osaka, 3f 1-4-22 Dotonbori",False,0.404,0.5076
AGODA,60815586,Resort Palace Roppongi,"Nagoya Prefecture, Nagoya, 3-11-28 Shibuya",False,0.1597,0.0149
HB,77553206,Hotel Imperial Akasaka,"Yokohama Prefecture, Yokohama, 1-4-22 Chuo",False,0.1593,0.2618
HB,45420050,Hotel Forza Namba Dotonbori,"Osaka Prefecture, Osaka, 3-1-4-22 Dotonbori",False,0.6529,0.4007
AGODA,80625118,Grand Hotel Imperial Roppongi,"Sapporo Prefecture, Sapporo, 7-20-12 Shinjuku",False,0.0652,0.1446
EPS,54650175,Inn Palace Shinjuku,"Hiroshima Prefecture, Hiroshima, 9-7-1 Chuo",False,0.2145,0.0143
DOTW,57603145,Hostel Metropolitan Asakusa,"Kobe Prefecture, Kobe, 6-1-22 Shibuya",False,0.1616,0.0294
HB,63827766,Inn Imperial Shibuya,"Sendai Prefecture, Sendai, 4-6-28 Chuo",False,0.13,0.1139
EPS,56243904,Lodge Plaza Asakusa,"Kobe Prefecture, Kobe, 6-15-10 Shibuya",False,0.2852,0.1555
DOTW,22422969,Hotel Forza Namba Dotonbori,"Osaka Prefecture, Namba, 3f 1-4-22 Dotonbori",False,0.4212,0.673
AGODA,86743519,Lodge Bay Shibuya,"Hiroshima Prefecture, Hiroshima, 5-9-30 Chuo",False,0.1129,0.0506
EPS,94795188,Ryokan Garden Ginza,"Nagoya Prefecture, Nagoya, 2-3-25 Chuo",False,0.2302,0.0953
AGODA,25770346,Inn Palace Shinjuku,"Hiroshima Prefecture, Hiroshima, 3-1-24 Shinjuku",False,0.0065,0.1355
AGODA,86541171,Hotel Forza Osaka Dotonbori,"Osaka Prefecture, Osaka, 3-1-4-22 Dotonbori",False,0.8326,0.8872
EPS,11240065,Lodge Bay Harajuku,"Kyoto Prefecture, Kyoto, 1-14-13 Chuo",False,0.1092,0.3642
HB,70822437,Inn Royal Akasaka,"Sendai Prefecture, Sendai, 2-15-16 Shinjuku",False,0.1875,0.0084
DOTW,22312314,Lodge Central Shibuya,"Yokohama Prefecture, Yokohama, 8-6-6 Shibuya",False,0.1839,0.1793
EPS,17826961,Hotel Forza Osaka Dotonbori,"Osaka, Namba, 1-4-22 Dotonbori",False,0.6485,0.4834
EPS,86511673,Hotel Palace Harajuku,"Kobe Prefecture, Kobe, 3-1-13 Shinjuku",False,0.0698,0.3137
AGODA,87208953,Resort Palace Ginza,"Yokohama Prefecture, Yokohama, 9-16-12 Chuo",False,0.276,0.1344
EPS,46534867,Osaka Namba Dotonbori Hotel Forza,"Osaka Prefecture, Osaka, 1-4 Dotonbori",False,0.8186,0.8023
HB,21102920,Hostel Royal Shinjuku,"Kyoto Prefecture, Kyoto, 10-12-4 Shibuya",False,0.2135,0.2271
EPS,95105219,Hotel Forza Osaka Namba,"Osaka Prefecture, Osaka, 1-4 Dotonbori",False,0.9147,0.3701
EPS,72785639,Namba Dotonbori Hotel Forza,"Osaka, Namba, 1-4-22 Dotonbori",False,0.309,0.5515
HB,23545603,Inn Plaza Roppongi,"Sapporo Prefecture, Sapporo, 9-18-1 Shibuya",False,0.2864,0.3959
EPS,24375903,Hotel Plaza Tokyo,"Yokohama Prefecture, Yokohama, 1-18-5 Chuo",False,0.1312,0.071
DOTW,41931102,Namba Dotonbori Hotel Forza,"Osaka, Namba, 1-4-22 Dotonbori",False,0.6791,0.5449
EPS,59539064,Hotel Bay Tokyo,"Hiroshima Prefecture, Hiroshima, 8-17-21 Shibuya",False,0.0309,0.0911
HB,32525016,Hotel Forza Namba Dotonbori,"Osaka Prefecture, Osaka, 3f 1-4-20 Dotonbori",False,0.8764,0.793
HB,89086996,Grand Hotel Metropolitan Shinjuku,"Sapporo Prefecture, Sapporo, 2-19-30 Shinjuku",False,0.0221,0.1898
EPS,61173886,Hotel Plaza Akasaka,"Kobe Prefecture, Kobe, 2-1-20 Shinjuku",False,0.1871,0.3718
DOTW,18600842,Ryokan Garden Asakusa,"Kyoto Prefecture, Kyoto, 1-15-26 Shibuya",False,0.1578,0.2852
HB,25069756,Lodge Imperial Tokyo,"Kyoto Prefecture, Kyoto, 8-8-3 Shinjuku",False,0.2348,0.042
AGODA,22523403,Hotel Imperial Asakusa,"Tokyo Prefecture, Tokyo, 5-4-1 Minato",False,0.1441,0.0297
EPS,88421670,Lodge Palace Shinjuku,"Sapporo Prefecture, Sapporo, 5-17-17 Chuo",False,0.0725,0.2028
EPS,94179601,Hotel Plaza Ginza,"Kyoto Prefecture, Kyoto, 5-5-24 Minato",False,0.1737,0.3989
AGODA,59901920,Ryokan Sakura Shibuya,"Hiroshima Prefecture, Hiroshima, 8-11-16 Chuo",False,0.0265,0.3446
DOTW,72631735,Hotel Metropolitan Roppongi,"Hiroshima Prefecture, Hiroshima, 1-7-3 Shibuya",False,0.2558,0.0929
AGODA,96686398,Ryokan Royal Shibuya,"Sendai Prefecture, Sendai, 8-11-16 Chuo",False,0.1634,0.3197
HB,40454511,Inn Sakura Shibuya,"Tokyo Prefecture, Tokyo, 4-8-2 Minato",False,0.055,0.3132
EPS,91620467,Ryokan Central Shinjuku,"Yokohama Prefecture, Yokohama, 8-11-27 Minato",False,0.267,0.3905
DOTW,36867897,Hotel Tower Shinjuku,"Sapporo Prefecture, Sapporo, 5-11-27 Minato",False,0.2033,0.2223
AGODA,19420612,Grand Hotel Bay Akasaka,"Tokyo Prefecture, Tokyo, 6-2-6 Shibuya",False,0.2386,0.2115
AGODA,78690700,Resort Plaza Ginza,"Yokohama Prefecture, Yokohama, 7-17-12 Shibuya",False,0.1065,0.0658
AGODA,93924497,Resort Royal Asakusa,"Yokohama Prefecture, Yokohama, 5-20-29 Shinjuku",False,0.0012,0.0522
DOTW,39858269,Ryokan Central Asakusa,"Kobe Prefecture, Kobe, 8-14-19 Shinjuku",False,0.1193,0.0034
AGODA,20982061,Grand Hotel Plaza Tokyo,"Kyoto Prefecture, Kyoto, 8-7-29 Minato",False,0.099,0.3064
AGODA,10152261,Hotel Forza Osaka Dotonbori,"Osaka Prefecture, Osaka, 1-4-22 Dotonbori",False,0.7225,0.7014
AGODA,13452407,Forza Hotel Osaka Namba Dotonbori,"Osaka Prefecture, Osaka, 3-1-4-22 Dotonbori",False,0.5104,0.3069
HB,82374252,Hostel Central Akasaka,"Sendai Prefecture, Sendai, 2-12-20 Chuo",False,0.2889,0.0121
HB,12153079,Grand Hotel Central Harajuku,"Kobe Prefecture, Kobe, 2-3-7 Minato",False,0.1973,0.1493
HB,40403027,Hostel Tower Asakusa,"Kyoto Prefecture, Kyoto, 6-14-30 Shinjuku",False,0.0654,0.2617
AGODA,28342848,Hotel Forza Namba Dotonbori,"Osaka Prefecture, Namba, 3f 1-4-22 Dotonbori",False,0.9028,0.7219
AGODA,31709773,Inn Central Ginza,"Yokohama Prefecture, Yokohama, 3-4-28 Shibuya",False,0.2522,0.126
HB,62359474,Hotel Forza Osaka Dotonbori,"Osaka Prefecture, Namba, 3f 1-4-22 Dotonbori",False,0.8345,0.813
EPS,85980168,Lodge Plaza Harajuku,"Nagoya Prefecture, Nagoya, 7-9-3 Chuo",False,0.1342,0.1851
AGODA,27470811,Hotel Bay Roppongi,"Nagoya Prefecture, Nagoya, 10-17-24 Minato",False,0.23,0.0663
EPS,64200496,Resort Sakura Asakusa,"Fukuoka Prefecture, Fukuoka, 3-5-29 Shibuya",False,0.1033,0.3546
AGODA,12999682,Osaka Namba Dotonbori Hotel Forza,"Osaka, 3f 1-4-22 Dotonbori",False,0.7922,0.6891
EPS,69632574,Hostel Bay Ginza,"Sendai Prefecture, Sendai, 9-19-13 Minato",False,0.1389,0.1288
DOTW,21046355,Grand Hotel Plaza Asakusa,"Nagoya Prefecture, Nagoya, 10-5-24 Minato",False,0.2444,0.2469
DOTW,52713863,Hotel Sakura Harajuku,"Kyoto Prefecture, Kyoto, 4-8-6 Chuo",False,0.1385,0.1944
DOTW,91565321,Namba Dotonbori Hotel Forza,"Osaka Prefecture, Osaka, 1-4-22 Dotonbori",False,0.3306,0.7464
EPS,20087216,Forza Hotel Osaka Namba Dotonbori,"Osaka Prefecture, Osaka, 1-4 Dotonbori",False,0.5458,0.8283
HB,17476117,Hostel Central Shinjuku,"Sapporo Prefecture, Sapporo, 5-20-28 Shibuya",False,0.0598,0.117
DOTW,42077090,Hotel Forza Osaka Namba,"Osaka Prefecture, Osaka, 3-1-4-22 Dotonbori",False,0.4767,0.3856
HB,90279513,Forza Osaka Namba Hotel,"Osaka Prefecture, Osaka, 3-1-4-22 Dotonbori",False,0.4173,0.8981
HB,73920083,Hotel Forza Namba Dotonbori,"Osaka Prefecture, Osaka, 1-4 Dotonbori",False,0.5061,0.4642
EPS,47851082,Inn Tower Asakusa,"Sendai Prefecture, Sendai, 5-20-14 Chuo",False,0.2497,0.0271
AGODA,67491052,Hotel Forza Osaka Namba Dotonbori,"Osaka Prefecture, Osaka, 3f 1-4-22 Dotonbori",True,0.9605,0.9532
AGODA,94855187,Hotel Palace Shibuya,"Yokohama Prefecture, Yokohama, 4-5-19 Minato",False,0.0509,0.2293
EPS,39909068,Ryokan Central Shinjuku,"Yokohama Prefecture, Yokohama, 3-3-3 Minato",False,0.2684,0.3278
EPS,91617664,Hotel Tower Akasaka,"Sapporo Prefecture, Sapporo, 4-9-22 Chuo",False,0.0483,0.0328
HB,29863526,Lodge Imperial Akasaka,"Hiroshima Prefecture, Hiroshima, 6-15-20 Shinjuku",False,0.2442,0.2368
EPS,94727072,Ryokan Royal Asakusa,"Kyoto Prefecture, Kyoto, 3-8-15 Minato",False,0.0122,0.3228
EPS,46325118,Forza Hotel Osaka Namba Dotonbori,"Osaka Prefecture, Osaka, 3f 1-4-20 Dotonbori",False,0.3169,0.4683
HB,12950237,Hotel Plaza Roppongi,"Kyoto Prefecture, Kyoto, 6-7-13 Shibuya",False,0.0697,0.031
EPS,31728661,Hotel Plaza Shinjuku,"Kobe Prefecture, Kobe, 1-6-9 Shibuya",False,0.2712,0.3616
HB,21610577,Ryokan Metropolitan Shinjuku,"Fukuoka Prefecture, Fukuoka, 4-10-12 Shibuya",False,0.1557,0.172
HB,39398313,Hostel Plaza Shibuya,"Nagoya Prefecture, Nagoya, 4-5-5 Shibuya",False,0.0992,0.2401
EPS,90740198,Grand Hotel Central Shibuya,"Yokohama Prefecture, Yokohama, 9-16-5 Shinjuku",False,0.0285,0.2599
AGODA,89377787,Inn Metropolitan Ginza,"Tokyo Prefecture, Tokyo, 10-14-11 Shibuya",False,0.1701,0.0659
HB,60322297,Hostel Bay Roppongi,"Kobe Prefecture, Kobe, 10-19-5 Shinjuku",False,0.2244,0.2236
DOTW,11148137,Lodge Tower Shinjuku,"Kyoto Prefecture, Kyoto, 5-19-26 Minato",False,0.1127,0.3643
AGODA,90111881,Hotel Bay Shibuya,"Tokyo Prefecture, Tokyo, 7-10-3 Shibuya",False,0.1009,0.2211
EPS,96705932,Resort Metropolitan Shibuya,"Sapporo Prefecture, Sapporo, 3-14-1 Minato",False,0.0583,0.3463
AGODA,87956807,Lodge Royal Akasaka,"Fukuoka Prefecture, Fukuoka, 3-18-17 Chuo",False,0.2556,0.3553
EPS,13414338,Osaka Namba Dotonbori Hotel Forza,"Osaka Prefecture, Osaka, 1-4-22 Dotonbori",False,0.9032,0.2463
EPS,48639850,Grand Hotel Royal Shibuya,"Kyoto Prefecture, Kyoto, 7-10-11 Shibuya",False,0.2239,0.3962
AGODA,89525693,Forza Hotel Osaka Namba Dotonbori,"Osaka Prefecture, Osaka, 3f 1-4-20 Dotonbori",False,0.4239,0.2043
HB,82751675,Hotel Forza Osaka Namba Dotonbori,"Osaka Prefecture, Osaka, 3f 1-4-22 Dotonbori",True,0.9962,0.9575
DOTW,60508949,Hotel Sakura Akasaka,"Fukuoka Prefecture, Fukuoka, 4-11-7 Chuo",False,0.108,0.1421
DOTW,92790419,Ryokan Tower Tokyo,"Hiroshima Prefecture, Hiroshima, 4-1-4 Minato",False,0.1764,0.1528
EPS,10958962,Hostel Royal Harajuku,"Kobe Prefecture, Kobe, 2-19-29 Shinjuku",False,0.0455,0.0355
HB,79839442,Ryokan Plaza Shibuya,"Tokyo Prefecture, Tokyo, 6-11-6 Shinjuku",False,0.077,0.2642
EPS,19499907,Grand Hotel Metropolitan Shibuya,"Yokohama Prefecture, Yokohama, 4-4-25 Shinjuku",False,0.2068,0.109
AGODA,88887995,Hostel Bay Shibuya,"Sendai Prefecture, Sendai, 3-19-16 Minato",False,0.0098,0.3282
HB,91554003,Hotel Tower Shibuya,"Sapporo Prefecture, Sapporo, 1-7-18 Shinjuku",False,0.1513,0.3385
DOTW,86065657,Hotel Royal Akasaka,"Kobe Prefecture, Kobe, 9-19-15 Shinjuku",False,0.2169,0.0097
DOTW,42140999,Resort Garden Shibuya,"Sendai Prefecture, Sendai, 8-6-28 Chuo",False,0.1295,0.2807
HB,65937201,Lodge Palace Tokyo,"Yokohama Prefecture, Yokohama, 7-12-2 Minato",False,0.1588,0.2647
EPS,66956857,Forza Hotel Osaka Namba Dotonbori,"Osaka Prefecture, Osaka, 1-4-22 Dotonbori",False,0.8102,0.7112
HB,31884000,Resort Garden Tokyo,"Kyoto Prefecture, Kyoto, 6-3-11 Shibuya",False,0.2115,0.3328
HB,26065893,Hotel Forza Osaka Namba,"Osaka Prefecture, Osaka, 1-4 Dotonbori",False,0.4779,0.8309
AGODA,72260419,Hotel Forza Namba Dotonbori,"Osaka Prefecture, Osaka, 1-4-22 Dotonbori",False,0.8546,0.8539
DOTW,44825661,Resort Garden Asakusa,"Kobe Prefecture, Kobe, 10-1-29 Shinjuku",False,0.0972,0.2933
DOTW,30002897,Ryokan Imperial Shinjuku,"Sapporo Prefecture, Sapporo, 2-13-6 Chuo",False,0.0429,0.2715
HB,84547562,Forza Hotel Osaka Namba Dotonbori,"Osaka Prefecture, Namba, 3f 1-4-22 Dotonbori",False,0.3197,0.6596
EPS,84717658,Resort Metropolitan Shinjuku,"Kyoto Prefecture, Kyoto, 5-19-28 Chuo",False,0.0509,0.1093
EPS,25922419,Hotel Tower Shibuya,"Kobe Prefecture, Kobe, 7-1-19 Chuo",False,0.1176,0.0134
EPS,43010575,Hotel Forza Osaka Namba,"Osaka, Namba, 1-4-22 Dotonbori",False,0.7499,0.6109
EPS,78555744,Forza Osaka Namba Hotel,"Osaka Prefecture, Osaka, 1-4-22 Dotonbori",False,0.3292,0.8715
AGODA,58239834,Lodge Plaza Ginza,"Fukuoka Prefecture, Fukuoka, 5-5-22 Chuo",False,0.0248,0.0558
HB,92336903,Lodge Garden Harajuku,"Kyoto Prefecture, Kyoto, 6-19-18 Shinjuku",False,0.0872,0.3602
DOTW,65867014,Inn Imperial Harajuku,"Sendai Prefecture, Sendai, 2-15-17 Shibuya",False,0.1513,0.2757
DOTW,89678103,Resort Sakura Tokyo,"Hiroshima Prefecture, Hiroshima, 10-10-29 Chuo",False,0.0259,0.3909
DOTW,62169429,Hostel Royal Ginza,"Tokyo Prefecture, Tokyo, 2-19-1 Shinjuku",False,0.0485,0.2217
HB,35488469,Grand Hotel Palace Roppongi,"Nagoya Prefecture, Nagoya, 6-14-23 Chuo",False,0.0201,0.3014
EPS,76375589,Ryokan Garden Shibuya,"Sapporo Prefecture, Sapporo, 2-7-22 Chuo",False,0.2675,0.344
HB,68835810,Hotel Forza Namba Dotonbori,"Osaka Prefecture, Osaka, 1-4 Dotonbori",False,0.7855,0.4682
DOTW,39071061,Inn Metropolitan Shibuya,"Yokohama Prefecture, Yokohama, 9-7-8 Minato",False,0.188,0.3844
AGODA,37600635,Hotel Royal Roppongi,"Fukuoka Prefecture, Fukuoka, 2-7-7 Chuo",False,0.1887,0.2073
AGODA,95707199,Forza Hotel Osaka Namba Dotonbori,"Osaka Prefecture, Osaka, 3-1-4-22 Dotonbori",False,0.5443,0.8927
DOTW,15359913,Osaka Namba Dotonbori Hotel Forza,"Osaka, 3f 1-4-22 Dotonbori",False,0.6111,0.7042
AGODA,55091602,Forza Hotel Osaka Namba Dotonbori,"Osaka Prefecture, Osaka, 1-4 Dotonbori",False,0.3858,0.314
EPS,93526430,Forza Osaka Namba Hotel,"Osaka Prefecture, Namba, 3f 1-4-22 Dotonbori",False,0.3464,0.8433
AGODA,22392327,Grand Hotel Royal Tokyo,"Sendai Prefecture, Sendai, 10-13-27 Minato",False,0.0653,0.1403
EPS,92806870,Hotel Forza Osaka Dotonbori,"Osaka, 3f 1-4-22 Dotonbori",False,0.4629,0.5386
AGODA,59886046,Resort Plaza Tokyo,"Sendai Prefecture, Sendai, 9-9-17 Shibuya",False,0.1573,0.0347
AGODA,62077130,Hotel Metropolitan Harajuku,"Hiroshima Prefecture, Hiroshima, 2-18-6 Shinjuku",False,0.0467,0.039
HB,34783693,Hotel Plaza Akasaka,"Fukuoka Prefecture, Fukuoka, 6-16-21 Shinjuku",False,0.1916,0.2335
EPS,44703868,Lodge Metropolitan Shibuya,"Sendai Prefecture, Sendai, 4-7-8 Shinjuku",False,0.0988,0.3335
DOTW,41287322,Hotel Central Akasaka,"Kyoto Prefecture, Kyoto, 3-9-3 Chuo",False,0.1676,0.1984
DOTW,90623602,Ryokan Imperial Shinjuku,"Fukuoka Prefecture, Fukuoka, 7-15-27 Shibuya",False,0.0777,0.2995
DOTW,56016103,Hotel Osaka Namba Dotonbori,"Osaka Prefecture, Osaka, 3-1-4-22 Dotonbori",False,0.4547,0.6358
DOTW,21088296,Grand Hotel Central Shinjuku,"Hiroshima Prefecture, Hiroshima, 7-10-8 Minato",False,0.0074,0.0147
EPS,91910716,Resort Palace Shinjuku,"Nagoya Prefecture, Nagoya, 4-18-28 Shibuya",False,0.251,0.2612
HB,14508550,Lodge Plaza Shinjuku,"Hiroshima Prefecture, Hiroshima, 5-2-7 Minato",False,0.1917,0.3405
DOTW,23066192,Inn Sakura Asakusa,"Hiroshima Prefecture, Hiroshima, 10-13-16 Minato",False,0.0685,0.0424
AGODA,16417833,Grand Hotel Central Asakusa,"Hiroshima Prefecture, Hiroshima, 6-3-18 Minato",False,0.145,0.1815
EPS,48910420,Inn Metropolitan Ginza,"Nagoya Prefecture, Nagoya, 10-8-22 Minato",False,0.2154,0.3061
EPS,85677499,Ryokan Garden Akasaka,"Hiroshima Prefecture, Hiroshima, 2-4-7 Shinjuku",False,0.1128,0.133
AGODA,36954353,Inn Plaza Harajuku,"Yokohama Prefecture, Yokohama, 10-11-8 Shibuya",False,0.2271,0.1929
DOTW,90889816,Hotel Metropolitan Shinjuku,"Fukuoka Prefecture, Fukuoka, 1-19-26 Minato",False,0.1693,0.105
DOTW,83919196,Hotel Forza Namba Dotonbori,"Osaka Prefecture, Osaka, 3-1-4-22 Dotonbori",False,0.6187,0.7298
EPS,79439543,Forza Osaka Namba Hotel,"Osaka Prefecture, Namba, 3f 1-4-22 Dotonbori",False,0.5722,0.2009
HB,50534124,Hostel Central Ginza,"Fukuoka Prefecture, Fukuoka, 7-19-5 Shinjuku",False,0.0354,0.2214
HB,36933625,Hostel Sakura Roppongi,"Nagoya Prefecture, Nagoya, 4-9-29 Shinjuku",False,0.1849,0.058
EPS,34870556,Hotel Garden Shibuya,"Kyoto Prefecture, Kyoto, 7-16-22 Chuo",False,0.2049,0.1634
HB,25910118,Resort Garden Asakusa,"Yokohama Prefecture, Yokohama, 8-3-14 Shibuya",False,0.287,0.0533
EPS,93174172,Ryokan Palace Akasaka,"Sapporo Prefecture, Sapporo, 8-18-23 Minato",False,0.1988,0.3673
HB,22934644,Hotel Forza Osaka Dotonbori,"Osaka Prefecture, Osaka, 3f 1-4-20 Dotonbori",False,0.7705,0.8912
HB,49113163,Lodge Imperial Shinjuku,"Hiroshima Prefecture, Hiroshima, 4-11-6 Chuo",False,0.0008,0.3095
HB,41378000,Resort Tower Akasaka,"Nagoya Prefecture, Nagoya, 6-10-16 Chuo",False,0.1435,0.3286
EPS,74866901,Grand Hotel Bay Shinjuku,"Yokohama Prefecture, Yokohama, 4-19-11 Shinjuku",False,0.2372,0.2994
HB,17401962,Forza Osaka Namba Hotel,"Osaka Prefecture, Osaka, 3-1-4-22 Dotonbori",False,0.8501,0.3321
